1146 - Update - TicketSourcing - Not Sendmail,,#802604 - C (Inventory) - Global Order Processing Support - Miscellaneous,

<b>********** DO NOT REPLY TO THIS MESSAGE **********</b><br><br>Dear ,<br><br><br>A new LPS Globa
1146 - Update - TicketSourcing - Not Sendmail,,#802618 - C (Inventory) - Global Order Processing Support - Miscellaneous,

<b>********** DO NOT REPLY TO THIS MESSAGE **********</b><br><br>Dear ,<br><br><br>A new LPS Globa
1146 - Update - TicketSourcing - Not Sendmail,,#802620 - B (Customer Order) - Inbound  - Warehouse - Overdue/Parts not Goods Receipted,

<b>********** DO NOT REPLY TO THIS MESSAGE **********</b><br><br>Dear ,<br><br><br>A new LPS Inbou
send_mail Function - ,Marianna Söderström <marianna.soderstrom@sandvik.com,Reminder B (Customer Order) LPS #802437 Global Order Processing Support                                                                                                                        - Expediting                                                                                                                                            ,

<b>********** DO NOT REPLY TO THIS MESSAGE **********</b><br><br>Dear Marianna Soderstrom,<br><br>
10670 - ccSelected - UpdateIssue,brigitte.tatschl@sandvik.com,
Hallo Gittilein! WBZ fehlt bitte. Dankeschön, Margit,LPS Update Carbon Copy - #800227 - BS00287130 - Global Material Management - Pricing and Availability BS00287130  P&A,<b>********** DO NOT REPLY TO THIS MESSAGE **********</b><br><br>Dear User,<br><br><br>You Have been
10670 - ccSelected - UpdateIssue,brigitte.tatschl@sandvik.com,
Hallo Gitti! WBZ fehlt. Bitte um Pflege. Danke und lG/Margit,LPS Update Carbon Copy - #803128 - 65696734010 - Global Material Management - Pricing and Availability need P & A 1010 10 case: 03151581,<b>********** DO NOT REPLY TO THIS MESSAGE **********</b><br><br>Dear User,<br><br><br>You Have been
send_mail Function - ,fionna.langan@sandvik.com,Escalation B (Customer Order) LPS #802437 Global Order Processing Support                                                                                                                        - Expediting                                                                                                                                            ,

<b>********** DO NOT REPLY TO THIS MESSAGE **********</b><br><br>Dear Fionna Langan,<br><br><br><b
send_mail Function - ,karen.mullen@sandvik.com,Escalation B (Customer Order) LPS #802437 Global Order Processing Support                                                                                                                        - Expediting                                                                                                                                            ,

<b>********** DO NOT REPLY TO THIS MESSAGE **********</b><br><br>Dear Karen Mullen,<br><br><br><b>
send_mail Function - ,fionna.langan@sandvik.com,Escalation B (Customer Order) LPS #802437 Global Order Processing Support                                                                                                                        - Expediting                                                                                                                                            ,

<b>********** DO NOT REPLY TO THIS MESSAGE **********</b><br><br>Dear Fionna Langan,<br><br><br><b
10670 - ccSelected - UpdateIssue,Thanks Andreas. Antonio FYI,LPS Update Carbon Copy - #805487 - Returns - Global Returns Penasquito Returns,<b>********** DO NOT REPLY TO THIS MESSAGE **********</b><br><br>Dear User,<br><br><br>You Have been
send_mail Function - ,karen.mullen@sandvik.com,Escalation B (Customer Order) LPS #802437 Global Order Processing Support                                                                                                                        - Expediting                                                                                                                                            ,

<b>********** DO NOT REPLY TO THIS MESSAGE **********</b><br><br>Dear Karen Mullen,<br><br><br><b>
send_mail Function - ,fionna.langan@sandvik.com,Escalation B (Customer Order) LPS #802437 Global Order Processing Support                                                                                                                        - Expediting                                                                                                                                            ,

<b>********** DO NOT REPLY TO THIS MESSAGE **********</b><br><br>Dear Fionna Langan,<br><br><br><b
10670 - ccSelected - UpdateIssue,Hi Pardon, please find attached checklist, Thanks.,LPS Update Carbon Copy - #801365 - 55000762 - Global Order Processing Support - Short Shipment 1x55000762 housing assy not rcvd,<b>********** DO NOT REPLY TO THIS MESSAGE **********</b><br><br>Dear User,<br><br><br>You Have been
